experiment_id,regime,seed,model,metric,point_estimate,bootstrap_replicate_count,CI_lower,CI_upper,confidence_level,bootstrap_method,cluster_key,master_seed
UNCAPPED/A/13/M1,A,13,M1,MCC,0.6238692171907545,2000,0.5729916568591306,0.6633806617085908,0.95,NON_PARAMETRIC_CLASS_STRATIFIED_SITE_CLUSTER_PERCENTILE_BOOTSTRAP,site_key_private,99
UNCAPPED/A/13/M1,A,13,M1,PR-AUC,0.9167863843518205,2000,0.8938358921736757,0.9367497432022887,0.95,NON_PARAMETRIC_CLASS_STRATIFIED_SITE_CLUSTER_PERCENTILE_BOOTSTRAP,site_key_private,99
UNCAPPED/A/13/M1,A,13,M1,Macro F1,0.8064793681497537,2000,0.7798990391641183,0.8267301439043108,0.95,NON_PARAMETRIC_CLASS_STRATIFIED_SITE_CLUSTER_PERCENTILE_BOOTSTRAP,site_key_private,99
UNCAPPED/A/13/M1,A,13,M1,Phishing Recall,0.9088029809035864,2000,0.8755782852195937,0.931711248687561,0.95,NON_PARAMETRIC_CLASS_STRATIFIED_SITE_CLUSTER_PERCENTILE_BOOTSTRAP,site_key_private,99
UNCAPPED/A/13/M1,A,13,M1,Precision,0.8003937976864386,2000,0.7401905622786304,0.8465711305900411,0.95,NON_PARAMETRIC_CLASS_STRATIFIED_SITE_CLUSTER_PERCENTILE_BOOTSTRAP,site_key_private,99
UNCAPPED/A/13/M1,A,13,M1,FPR,0.3084041069844087,2000,0.28207380167552604,0.33354955705703715,0.95,NON_PARAMETRIC_CLASS_STRATIFIED_SITE_CLUSTER_PERCENTILE_BOOTSTRAP,site_key_private,99
UNCAPPED/A/13/M1,A,13,M1,Specificity,0.6915958930155913,2000,0.6664504429429629,0.717926198324474,0.95,NON_PARAMETRIC_CLASS_STRATIFIED_SITE_CLUSTER_PERCENTILE_BOOTSTRAP,site_key_private,99
UNCAPPED/A/13/M1,A,13,M1,Balanced Accuracy,0.8001994369595888,2000,0.7790852967147504,0.817460385820891,0.95,NON_PARAMETRIC_CLASS_STRATIFIED_SITE_CLUSTER_PERCENTILE_BOOTSTRAP,site_key_private,99
UNCAPPED/A/13/M1,A,13,M1,ROC-AUC,0.8927565594420441,2000,0.8728715373323447,0.9112711728093805,0.95,NON_PARAMETRIC_CLASS_STRATIFIED_SITE_CLUSTER_PERCENTILE_BOOTSTRAP,site_key_private,99
UNCAPPED/A/13/M2,A,13,M2,MCC,0.9041756396111564,2000,0.8891401711928443,0.9155097728280365,0.95,NON_PARAMETRIC_CLASS_STRATIFIED_SITE_CLUSTER_PERCENTILE_BOOTSTRAP,site_key_private,99
UNCAPPED/A/13/M2,A,13,M2,PR-AUC,0.9931371110153367,2000,0.9883954746745225,0.9958455102131756,0.95,NON_PARAMETRIC_CLASS_STRATIFIED_SITE_CLUSTER_PERCENTILE_BOOTSTRAP,site_key_private,99
UNCAPPED/A/13/M2,A,13,M2,Macro F1,0.951917992530364,2000,0.9443766658618644,0.9575393849165794,0.95,NON_PARAMETRIC_CLASS_STRATIFIED_SITE_CLUSTER_PERCENTILE_BOOTSTRAP,site_key_private,99
UNCAPPED/A/13/M2,A,13,M2,Phishing Recall,0.9477410340009316,2000,0.9300614834008213,0.9602170018147969,0.95,NON_PARAMETRIC_CLASS_STRATIFIED_SITE_CLUSTER_PERCENTILE_BOOTSTRAP,site_key_private,99
UNCAPPED/A/13/M2,A,13,M2,Precision,0.969783624058717,2000,0.9571357949199272,0.9784744188541515,0.95,NON_PARAMETRIC_CLASS_STRATIFIED_SITE_CLUSTER_PERCENTILE_BOOTSTRAP,site_key_private,99
UNCAPPED/A/13/M2,A,13,M2,FPR,0.04018253264038535,2000,0.034215762275249806,0.04616049703502106,0.95,NON_PARAMETRIC_CLASS_STRATIFIED_SITE_CLUSTER_PERCENTILE_BOOTSTRAP,site_key_private,99
UNCAPPED/A/13/M2,A,13,M2,Specificity,0.9598174673596147,2000,0.953839502964979,0.9657842377247502,0.95,NON_PARAMETRIC_CLASS_STRATIFIED_SITE_CLUSTER_PERCENTILE_BOOTSTRAP,site_key_private,99
UNCAPPED/A/13/M2,A,13,M2,Balanced Accuracy,0.9537792506802731,2000,0.9446597504559316,0.9606924624161992,0.95,NON_PARAMETRIC_CLASS_STRATIFIED_SITE_CLUSTER_PERCENTILE_BOOTSTRAP,site_key_private,99
UNCAPPED/A/13/M2,A,13,M2,ROC-AUC,0.9898161218390968,2000,0.9864739217072476,0.9921676335906016,0.95,NON_PARAMETRIC_CLASS_STRATIFIED_SITE_CLUSTER_PERCENTILE_BOOTSTRAP,site_key_private,99
UNCAPPED/A/13/M3,A,13,M3,MCC,0.9733670582610409,2000,0.9679662443445943,0.9774232781629756,0.95,NON_PARAMETRIC_CLASS_STRATIFIED_SITE_CLUSTER_PERCENTILE_BOOTSTRAP,site_key_private,99
UNCAPPED/A/13/M3,A,13,M3,PR-AUC,0.9992160028463223,2000,0.9985559584124183,0.9995706003570739,0.95,NON_PARAMETRIC_CLASS_STRATIFIED_SITE_CLUSTER_PERCENTILE_BOOTSTRAP,site_key_private,99
UNCAPPED/A/13/M3,A,13,M3,Macro F1,0.9866599824383814,2000,0.983947719059494,0.9886889287125392,0.95,NON_PARAMETRIC_CLASS_STRATIFIED_SITE_CLUSTER_PERCENTILE_BOOTSTRAP,site_key_private,99
UNCAPPED/A/13/M3,A,13,M3,Phishing Recall,0.9845365626455519,2000,0.9781974000419605,0.988681256859921,0.95,NON_PARAMETRIC_CLASS_STRATIFIED_SITE_CLUSTER_PERCENTILE_BOOTSTRAP,site_key_private,99
UNCAPPED/A/13/M3,A,13,M3,Precision,0.9927672365207589,2000,0.9897509957980302,0.9950041550287615,0.95,NON_PARAMETRIC_CLASS_STRATIFIED_SITE_CLUSTER_PERCENTILE_BOOTSTRAP,site_key_private,99
UNCAPPED/A/13/M3,A,13,M3,FPR,0.009760425909494233,2000,0.007569040639110488,0.012259423801077644,0.95,NON_PARAMETRIC_CLASS_STRATIFIED_SITE_CLUSTER_PERCENTILE_BOOTSTRAP,site_key_private,99
UNCAPPED/A/13/M3,A,13,M3,Specificity,0.9902395740905058,2000,0.9877405761989224,0.9924309593608894,0.95,NON_PARAMETRIC_CLASS_STRATIFIED_SITE_CLUSTER_PERCENTILE_BOOTSTRAP,site_key_private,99
UNCAPPED/A/13/M3,A,13,M3,Balanced Accuracy,0.9873880683680288,2000,0.9841444675381532,0.9897013461539831,0.95,NON_PARAMETRIC_CLASS_STRATIFIED_SITE_CLUSTER_PERCENTILE_BOOTSTRAP,site_key_private,99
UNCAPPED/A/13/M3,A,13,M3,ROC-AUC,0.998795915592469,2000,0.9981582152816345,0.9992154450184766,0.95,NON_PARAMETRIC_CLASS_STRATIFIED_SITE_CLUSTER_PERCENTILE_BOOTSTRAP,site_key_private,99
UNCAPPED/A/42/M1,A,42,M1,MCC,0.6003879462026439,2000,0.5501718350430024,0.6421620246134246,0.95,NON_PARAMETRIC_CLASS_STRATIFIED_SITE_CLUSTER_PERCENTILE_BOOTSTRAP,site_key_private,99
UNCAPPED/A/42/M1,A,42,M1,PR-AUC,0.9191997556020287,2000,0.8959987219791842,0.9394134041141131,0.95,NON_PARAMETRIC_CLASS_STRATIFIED_SITE_CLUSTER_PERCENTILE_BOOTSTRAP,site_key_private,99
UNCAPPED/A/42/M1,A,42,M1,Macro F1,0.7923947058451981,2000,0.7656384676611496,0.8142984640858625,0.95,NON_PARAMETRIC_CLASS_STRATIFIED_SITE_CLUSTER_PERCENTILE_BOOTSTRAP,site_key_private,99
UNCAPPED/A/42/M1,A,42,M1,Phishing Recall,0.911877037727061,2000,0.8787488507511775,0.937035285380261,0.95,NON_PARAMETRIC_CLASS_STRATIFIED_SITE_CLUSTER_PERCENTILE_BOOTSTRAP,site_key_private,99
UNCAPPED/A/42/M1,A,42,M1,Precision,0.784689378757515,2000,0.7204490347757713,0.8340377712790061,0.95,NON_PARAMETRIC_CLASS_STRATIFIED_SITE_CLUSTER_PERCENTILE_BOOTSTRAP,site_key_private,99
UNCAPPED/A/42/M1,A,42,M1,FPR,0.3404740778298897,2000,0.31382100861124534,0.36734289447971336,0.95,NON_PARAMETRIC_CLASS_STRATIFIED_SITE_CLUSTER_PERCENTILE_BOOTSTRAP,site_key_private,99
UNCAPPED/A/42/M1,A,42,M1,Specificity,0.6595259221701103,2000,0.6326571055202866,0.6861789913887546,0.95,NON_PARAMETRIC_CLASS_STRATIFIED_SITE_CLUSTER_PERCENTILE_BOOTSTRAP,site_key_private,99
UNCAPPED/A/42/M1,A,42,M1,Balanced Accuracy,0.7857014799485856,2000,0.7646060877202353,0.8040474221820672,0.95,NON_PARAMETRIC_CLASS_STRATIFIED_SITE_CLUSTER_PERCENTILE_BOOTSTRAP,site_key_private,99
UNCAPPED/A/42/M1,A,42,M1,ROC-AUC,0.8929717836849349,2000,0.8697114526775086,0.9124287303091675,0.95,NON_PARAMETRIC_CLASS_STRATIFIED_SITE_CLUSTER_PERCENTILE_BOOTSTRAP,site_key_private,99
UNCAPPED/A/42/M2,A,42,M2,MCC,0.9056056233411224,2000,0.89032429134535,0.9164288201863106,0.95,NON_PARAMETRIC_CLASS_STRATIFIED_SITE_CLUSTER_PERCENTILE_BOOTSTRAP,site_key_private,99
UNCAPPED/A/42/M2,A,42,M2,PR-AUC,0.9922408341835747,2000,0.9868078647225094,0.9951494210847197,0.95,NON_PARAMETRIC_CLASS_STRATIFIED_SITE_CLUSTER_PERCENTILE_BOOTSTRAP,site_key_private,99
UNCAPPED/A/42/M2,A,42,M2,Macro F1,0.9527594628905058,2000,0.9450886291265267,0.958168806168262,0.95,NON_PARAMETRIC_CLASS_STRATIFIED_SITE_CLUSTER_PERCENTILE_BOOTSTRAP,site_key_private,99
UNCAPPED/A/42/M2,A,42,M2,Phishing Recall,0.9541686073591057,2000,0.9387696893042383,0.9648223572889292,0.95,NON_PARAMETRIC_CLASS_STRATIFIED_SITE_CLUSTER_PERCENTILE_BOOTSTRAP,site_key_private,99
UNCAPPED/A/42/M2,A,42,M2,Precision,0.965228043724086,2000,0.9511525226836616,0.9746439461252988,0.95,NON_PARAMETRIC_CLASS_STRATIFIED_SITE_CLUSTER_PERCENTILE_BOOTSTRAP,site_key_private,99
UNCAPPED/A/42/M2,A,42,M2,FPR,0.04677398909874509,2000,0.04050807749283041,0.05360399199618988,0.95,NON_PARAMETRIC_CLASS_STRATIFIED_SITE_CLUSTER_PERCENTILE_BOOTSTRAP,site_key_private,99
UNCAPPED/A/42/M2,A,42,M2,Specificity,0.9532260109012549,2000,0.9463960080038102,0.9594919225071695,0.95,NON_PARAMETRIC_CLASS_STRATIFIED_SITE_CLUSTER_PERCENTILE_BOOTSTRAP,site_key_private,99
UNCAPPED/A/42/M2,A,42,M2,Balanced Accuracy,0.9536973091301804,2000,0.9452250040227814,0.9598168677983309,0.95,NON_PARAMETRIC_CLASS_STRATIFIED_SITE_CLUSTER_PERCENTILE_BOOTSTRAP,site_key_private,99
UNCAPPED/A/42/M2,A,42,M2,ROC-AUC,0.9887286885697412,2000,0.9851461721730373,0.9911707750255652,0.95,NON_PARAMETRIC_CLASS_STRATIFIED_SITE_CLUSTER_PERCENTILE_BOOTSTRAP,site_key_private,99
UNCAPPED/A/42/M3,A,42,M3,MCC,0.9758427426919889,2000,0.9704772507265518,0.9799664064823849,0.95,NON_PARAMETRIC_CLASS_STRATIFIED_SITE_CLUSTER_PERCENTILE_BOOTSTRAP,site_key_private,99
UNCAPPED/A/42/M3,A,42,M3,PR-AUC,0.9992990627262023,2000,0.9986695251473072,0.9996212490892444,0.95,NON_PARAMETRIC_CLASS_STRATIFIED_SITE_CLUSTER_PERCENTILE_BOOTSTRAP,site_key_private,99
UNCAPPED/A/42/M3,A,42,M3,Macro F1,0.9879145043209434,2000,0.9852282945374469,0.9899769304729816,0.95,NON_PARAMETRIC_CLASS_STRATIFIED_SITE_CLUSTER_PERCENTILE_BOOTSTRAP,site_key_private,99
UNCAPPED/A/42/M3,A,42,M3,Phishing Recall,0.9875174662319516,2000,0.9820760518825098,0.991126660748743,0.95,NON_PARAMETRIC_CLASS_STRATIFIED_SITE_CLUSTER_PERCENTILE_BOOTSTRAP,site_key_private,99
UNCAPPED/A/42/M3,A,42,M3,Precision,0.9919528398989427,2000,0.9882530619063167,0.9945263331076714,0.95,NON_PARAMETRIC_CLASS_STRATIFIED_SITE_CLUSTER_PERCENTILE_BOOTSTRAP,site_key_private,99
UNCAPPED/A/42/M3,A,42,M3,FPR,0.01090125491190265,2000,0.008398981642914145,0.013709294733627933,0.95,NON_PARAMETRIC_CLASS_STRATIFIED_SITE_CLUSTER_PERCENTILE_BOOTSTRAP,site_key_private,99
UNCAPPED/A/42/M3,A,42,M3,Specificity,0.9890987450880974,2000,0.9862907052663721,0.9916010183570858,0.95,NON_PARAMETRIC_CLASS_STRATIFIED_SITE_CLUSTER_PERCENTILE_BOOTSTRAP,site_key_private,99
UNCAPPED/A/42/M3,A,42,M3,Balanced Accuracy,0.9883081056600245,2000,0.9853317471440218,0.9905239443871762,0.95,NON_PARAMETRIC_CLASS_STRATIFIED_SITE_CLUSTER_PERCENTILE_BOOTSTRAP,site_key_private,99
UNCAPPED/A/42/M3,A,42,M3,ROC-AUC,0.9989837571053845,2000,0.9984939866448501,0.9993287907986521,0.95,NON_PARAMETRIC_CLASS_STRATIFIED_SITE_CLUSTER_PERCENTILE_BOOTSTRAP,site_key_private,99
UNCAPPED/A/73/M1,A,73,M1,MCC,0.6259747785058835,2000,0.5700169611682864,0.6679673848027119,0.95,NON_PARAMETRIC_CLASS_STRATIFIED_SITE_CLUSTER_PERCENTILE_BOOTSTRAP,site_key_private,99
UNCAPPED/A/73/M1,A,73,M1,PR-AUC,0.9180920517983736,2000,0.8954723710693775,0.93924888693257,0.95,NON_PARAMETRIC_CLASS_STRATIFIED_SITE_CLUSTER_PERCENTILE_BOOTSTRAP,site_key_private,99
UNCAPPED/A/73/M1,A,73,M1,Macro F1,0.8072967118491005,2000,0.7788002369598502,0.8288143681328005,0.95,NON_PARAMETRIC_CLASS_STRATIFIED_SITE_CLUSTER_PERCENTILE_BOOTSTRAP,site_key_private,99
UNCAPPED/A/73/M1,A,73,M1,Phishing Recall,0.9109455053563111,2000,0.8708832251490254,0.9361424075450944,0.95,NON_PARAMETRIC_CLASS_STRATIFIED_SITE_CLUSTER_PERCENTILE_BOOTSTRAP,site_key_private,99
UNCAPPED/A/73/M1,A,73,M1,Precision,0.8003764936978229,2000,0.741633729674245,0.8476487053748296,0.95,NON_PARAMETRIC_CLASS_STRATIFIED_SITE_CLUSTER_PERCENTILE_BOOTSTRAP,site_key_private,99
UNCAPPED/A/73/M1,A,73,M1,FPR,0.309164659652681,2000,0.2834304461709337,0.33419839561874565,0.95,NON_PARAMETRIC_CLASS_STRATIFIED_SITE_CLUSTER_PERCENTILE_BOOTSTRAP,site_key_private,99
UNCAPPED/A/73/M1,A,73,M1,Specificity,0.6908353403473191,2000,0.6658016043812544,0.7165695538290662,0.95,NON_PARAMETRIC_CLASS_STRATIFIED_SITE_CLUSTER_PERCENTILE_BOOTSTRAP,site_key_private,99
UNCAPPED/A/73/M1,A,73,M1,Balanced Accuracy,0.8008904228518151,2000,0.7780782446323736,0.8186246864720439,0.95,NON_PARAMETRIC_CLASS_STRATIFIED_SITE_CLUSTER_PERCENTILE_BOOTSTRAP,site_key_private,99
UNCAPPED/A/73/M1,A,73,M1,ROC-AUC,0.893396812303076,2000,0.8709194080213245,0.9137517874386213,0.95,NON_PARAMETRIC_CLASS_STRATIFIED_SITE_CLUSTER_PERCENTILE_BOOTSTRAP,site_key_private,99
UNCAPPED/A/73/M2,A,73,M2,MCC,0.9091524887761252,2000,0.8936057570346211,0.920853688235792,0.95,NON_PARAMETRIC_CLASS_STRATIFIED_SITE_CLUSTER_PERCENTILE_BOOTSTRAP,site_key_private,99
UNCAPPED/A/73/M2,A,73,M2,PR-AUC,0.9934386796648156,2000,0.9890298040804554,0.9960963943117674,0.95,NON_PARAMETRIC_CLASS_STRATIFIED_SITE_CLUSTER_PERCENTILE_BOOTSTRAP,site_key_private,99
UNCAPPED/A/73/M2,A,73,M2,Macro F1,0.9545239449490197,2000,0.9467571621136122,0.9604054607441301,0.95,NON_PARAMETRIC_CLASS_STRATIFIED_SITE_CLUSTER_PERCENTILE_BOOTSTRAP,site_key_private,99
UNCAPPED/A/73/M2,A,73,M2,Phishing Recall,0.9551001397298556,2000,0.9402150828539524,0.9666449803294881,0.95,NON_PARAMETRIC_CLASS_STRATIFIED_SITE_CLUSTER_PERCENTILE_BOOTSTRAP,site_key_private,99
UNCAPPED/A/73/M2,A,73,M2,Precision,0.9672641509433962,2000,0.9541133843821366,0.9764095010152085,0.95,NON_PARAMETRIC_CLASS_STRATIFIED_SITE_CLUSTER_PERCENTILE_BOOTSTRAP,site_key_private,99
UNCAPPED/A/73/M2,A,73,M2,FPR,0.04398529598174673,2000,0.03813976769178795,0.05045177567136654,0.95,NON_PARAMETRIC_CLASS_STRATIFIED_SITE_CLUSTER_PERCENTILE_BOOTSTRAP,site_key_private,99
UNCAPPED/A/73/M2,A,73,M2,Specificity,0.9560147040182533,2000,0.9495482243286335,0.961860232308212,0.95,NON_PARAMETRIC_CLASS_STRATIFIED_SITE_CLUSTER_PERCENTILE_BOOTSTRAP,site_key_private,99
UNCAPPED/A/73/M2,A,73,M2,Balanced Accuracy,0.9555574218740545,2000,0.9469714725188828,0.9620899400814246,0.95,NON_PARAMETRIC_CLASS_STRATIFIED_SITE_CLUSTER_PERCENTILE_BOOTSTRAP,site_key_private,99
UNCAPPED/A/73/M2,A,73,M2,ROC-AUC,0.990599953960645,2000,0.9877320575451921,0.9928390152462897,0.95,NON_PARAMETRIC_CLASS_STRATIFIED_SITE_CLUSTER_PERCENTILE_BOOTSTRAP,site_key_private,99
UNCAPPED/A/73/M3,A,73,M3,MCC,0.9735617759820889,2000,0.9677510031720288,0.9779291271190318,0.95,NON_PARAMETRIC_CLASS_STRATIFIED_SITE_CLUSTER_PERCENTILE_BOOTSTRAP,site_key_private,99
UNCAPPED/A/73/M3,A,73,M3,PR-AUC,0.9993756283206249,2000,0.9988026323677177,0.9996662673825096,0.95,NON_PARAMETRIC_CLASS_STRATIFIED_SITE_CLUSTER_PERCENTILE_BOOTSTRAP,site_key_private,99
UNCAPPED/A/73/M3,A,73,M3,Macro F1,0.9867658923987321,2000,0.9838538297882278,0.9889614340605068,0.95,NON_PARAMETRIC_CLASS_STRATIFIED_SITE_CLUSTER_PERCENTILE_BOOTSTRAP,site_key_private,99
UNCAPPED/A/73/M3,A,73,M3,Phishing Recall,0.9854680950163018,2000,0.9793997367827437,0.9896456851014725,0.95,NON_PARAMETRIC_CLASS_STRATIFIED_SITE_CLUSTER_PERCENTILE_BOOTSTRAP,site_key_private,99
UNCAPPED/A/73/M3,A,73,M3,Precision,0.9920292573143286,2000,0.9883279302907454,0.9945438156777713,0.95,NON_PARAMETRIC_CLASS_STRATIFIED_SITE_CLUSTER_PERCENTILE_BOOTSTRAP,site_key_private,99
UNCAPPED/A/73/M3,A,73,M3,FPR,0.01077449613385727,2000,0.008326989778343523,0.013276960307362222,0.95,NON_PARAMETRIC_CLASS_STRATIFIED_SITE_CLUSTER_PERCENTILE_BOOTSTRAP,site_key_private,99
UNCAPPED/A/73/M3,A,73,M3,Specificity,0.9892255038661427,2000,0.9867230396926377,0.9916730102216564,0.95,NON_PARAMETRIC_CLASS_STRATIFIED_SITE_CLUSTER_PERCENTILE_BOOTSTRAP,site_key_private,99
UNCAPPED/A/73/M3,A,73,M3,Balanced Accuracy,0.9873467994412223,2000,0.9840681578244854,0.9898431662134124,0.95,NON_PARAMETRIC_CLASS_STRATIFIED_SITE_CLUSTER_PERCENTILE_BOOTSTRAP,site_key_private,99
UNCAPPED/A/73/M3,A,73,M3,ROC-AUC,0.9990994872203005,2000,0.9986239020732763,0.9993907601843837,0.95,NON_PARAMETRIC_CLASS_STRATIFIED_SITE_CLUSTER_PERCENTILE_BOOTSTRAP,site_key_private,99
UNCAPPED/A/101/M1,A,101,M1,MCC,0.6091367965944001,2000,0.5574855400232616,0.6507895782387317,0.95,NON_PARAMETRIC_CLASS_STRATIFIED_SITE_CLUSTER_PERCENTILE_BOOTSTRAP,site_key_private,99
UNCAPPED/A/101/M1,A,101,M1,PR-AUC,0.9154135706560476,2000,0.8916454623544641,0.9363527955382474,0.95,NON_PARAMETRIC_CLASS_STRATIFIED_SITE_CLUSTER_PERCENTILE_BOOTSTRAP,site_key_private,99
UNCAPPED/A/101/M1,A,101,M1,Macro F1,0.7983015189847191,2000,0.7716913267308965,0.82002527898009,0.95,NON_PARAMETRIC_CLASS_STRATIFIED_SITE_CLUSTER_PERCENTILE_BOOTSTRAP,site_key_private,99
UNCAPPED/A/101/M1,A,101,M1,Phishing Recall,0.9075919888216115,2000,0.8728539786331692,0.933256620484019,0.95,NON_PARAMETRIC_CLASS_STRATIFIED_SITE_CLUSTER_PERCENTILE_BOOTSTRAP,site_key_private,99
UNCAPPED/A/101/M1,A,101,M1,Precision,0.7923070667642514,2000,0.7326753579210824,0.838699742228963,0.95,NON_PARAMETRIC_CLASS_STRATIFIED_SITE_CLUSTER_PERCENTILE_BOOTSTRAP,site_key_private,99
UNCAPPED/A/101/M1,A,101,M1,FPR,0.3237419191278996,2000,0.29861858148217385,0.3489097512671102,0.95,NON_PARAMETRIC_CLASS_STRATIFIED_SITE_CLUSTER_PERCENTILE_BOOTSTRAP,site_key_private,99
UNCAPPED/A/101/M1,A,101,M1,Specificity,0.6762580808721004,2000,0.6510902487328898,0.7013814185178261,0.95,NON_PARAMETRIC_CLASS_STRATIFIED_SITE_CLUSTER_PERCENTILE_BOOTSTRAP,site_key_private,99
UNCAPPED/A/101/M1,A,101,M1,Balanced Accuracy,0.791925034846856,2000,0.7705887123703761,0.8101114541127447,0.95,NON_PARAMETRIC_CLASS_STRATIFIED_SITE_CLUSTER_PERCENTILE_BOOTSTRAP,site_key_private,99
UNCAPPED/A/101/M1,A,101,M1,ROC-AUC,0.8892260057057392,2000,0.8682923679512121,0.9089798686711613,0.95,NON_PARAMETRIC_CLASS_STRATIFIED_SITE_CLUSTER_PERCENTILE_BOOTSTRAP,site_key_private,99
UNCAPPED/A/101/M2,A,101,M2,MCC,0.9030396718158945,2000,0.8877532529704188,0.9148298591792238,0.95,NON_PARAMETRIC_CLASS_STRATIFIED_SITE_CLUSTER_PERCENTILE_BOOTSTRAP,site_key_private,99
UNCAPPED/A/101/M2,A,101,M2,PR-AUC,0.9924191134065168,2000,0.9873425906831034,0.9954194551894253,0.95,NON_PARAMETRIC_CLASS_STRATIFIED_SITE_CLUSTER_PERCENTILE_BOOTSTRAP,site_key_private,99
UNCAPPED/A/101/M2,A,101,M2,Macro F1,0.9514597175931445,2000,0.943751959851495,0.9573372058564362,0.95,NON_PARAMETRIC_CLASS_STRATIFIED_SITE_CLUSTER_PERCENTILE_BOOTSTRAP,site_key_private,99
UNCAPPED/A/101/M2,A,101,M2,Phishing Recall,0.952026082906381,2000,0.9359823833049378,0.9634492530110332,0.95,NON_PARAMETRIC_CLASS_STRATIFIED_SITE_CLUSTER_PERCENTILE_BOOTSTRAP,site_key_private,99
UNCAPPED/A/101/M2,A,101,M2,Precision,0.9650613786591123,2000,0.9518394479029186,0.9745078689455215,0.95,NON_PARAMETRIC_CLASS_STRATIFIED_SITE_CLUSTER_PERCENTILE_BOOTSTRAP,site_key_private,99
UNCAPPED/A/101/M2,A,101,M2,FPR,0.046900747876790466,2000,0.04065725126659866,0.0540134506173508,0.95,NON_PARAMETRIC_CLASS_STRATIFIED_SITE_CLUSTER_PERCENTILE_BOOTSTRAP,site_key_private,99
UNCAPPED/A/101/M2,A,101,M2,Specificity,0.9530992521232096,2000,0.9459865493826493,0.9593427487334013,0.95,NON_PARAMETRIC_CLASS_STRATIFIED_SITE_CLUSTER_PERCENTILE_BOOTSTRAP,site_key_private,99
UNCAPPED/A/101/M2,A,101,M2,Balanced Accuracy,0.9525626675147953,2000,0.9439466505666327,0.9590914211042495,0.95,NON_PARAMETRIC_CLASS_STRATIFIED_SITE_CLUSTER_PERCENTILE_BOOTSTRAP,site_key_private,99
UNCAPPED/A/101/M2,A,101,M2,ROC-AUC,0.9888458592594984,2000,0.9853751292759462,0.9914278639372578,0.95,NON_PARAMETRIC_CLASS_STRATIFIED_SITE_CLUSTER_PERCENTILE_BOOTSTRAP,site_key_private,99
UNCAPPED/A/101/M3,A,101,M3,MCC,0.9717156057796225,2000,0.9655888602666073,0.9761060064655174,0.95,NON_PARAMETRIC_CLASS_STRATIFIED_SITE_CLUSTER_PERCENTILE_BOOTSTRAP,site_key_private,99
UNCAPPED/A/101/M3,A,101,M3,PR-AUC,0.9993425412495999,2000,0.9987657078106654,0.9996331123437321,0.95,NON_PARAMETRIC_CLASS_STRATIFIED_SITE_CLUSTER_PERCENTILE_BOOTSTRAP,site_key_private,99
UNCAPPED/A/101/M3,A,101,M3,Macro F1,0.9858358335413302,2000,0.9827683914011346,0.9880394580171061,0.95,NON_PARAMETRIC_CLASS_STRATIFIED_SITE_CLUSTER_PERCENTILE_BOOTSTRAP,site_key_private,99
UNCAPPED/A/101/M3,A,101,M3,Phishing Recall,0.983977643223102,2000,0.9775868983141819,0.9884494510839026,0.95,NON_PARAMETRIC_CLASS_STRATIFIED_SITE_CLUSTER_PERCENTILE_BOOTSTRAP,site_key_private,99
UNCAPPED/A/101/M3,A,101,M3,Precision,0.9919241243309231,2000,0.9882648495227725,0.9943734891072479,0.95,NON_PARAMETRIC_CLASS_STRATIFIED_SITE_CLUSTER_PERCENTILE_BOOTSTRAP,site_key_private,99
UNCAPPED/A/101/M3,A,101,M3,FPR,0.01090125491190265,2000,0.008468899390995556,0.013520451282311625,0.95,NON_PARAMETRIC_CLASS_STRATIFIED_SITE_CLUSTER_PERCENTILE_BOOTSTRAP,site_key_private,99
UNCAPPED/A/101/M3,A,101,M3,Specificity,0.9890987450880974,2000,0.9864795487176884,0.9915311006090044,0.95,NON_PARAMETRIC_CLASS_STRATIFIED_SITE_CLUSTER_PERCENTILE_BOOTSTRAP,site_key_private,99
UNCAPPED/A/101/M3,A,101,M3,Balanced Accuracy,0.9865381941555997,2000,0.9829528565084842,0.9889856948441197,0.95,NON_PARAMETRIC_CLASS_STRATIFIED_SITE_CLUSTER_PERCENTILE_BOOTSTRAP,site_key_private,99
UNCAPPED/A/101/M3,A,101,M3,ROC-AUC,0.9990661414551211,2000,0.9986449394972686,0.9993492944136546,0.95,NON_PARAMETRIC_CLASS_STRATIFIED_SITE_CLUSTER_PERCENTILE_BOOTSTRAP,site_key_private,99
UNCAPPED/A/2026/M1,A,2026,M1,MCC,0.6052805471835055,2000,0.5543836420046447,0.6478137041137055,0.95,NON_PARAMETRIC_CLASS_STRATIFIED_SITE_CLUSTER_PERCENTILE_BOOTSTRAP,site_key_private,99
UNCAPPED/A/2026/M1,A,2026,M1,PR-AUC,0.9185855719156897,2000,0.8953403738051395,0.938975218551991,0.95,NON_PARAMETRIC_CLASS_STRATIFIED_SITE_CLUSTER_PERCENTILE_BOOTSTRAP,site_key_private,99
UNCAPPED/A/2026/M1,A,2026,M1,Macro F1,0.7958369872369755,2000,0.7693264861464493,0.8175581867477771,0.95,NON_PARAMETRIC_CLASS_STRATIFIED_SITE_CLUSTER_PERCENTILE_BOOTSTRAP,site_key_private,99
UNCAPPED/A/2026/M1,A,2026,M1,Phishing Recall,0.9088961341406614,2000,0.8745737229502005,0.9332189772460708,0.95,NON_PARAMETRIC_CLASS_STRATIFIED_SITE_CLUSTER_PERCENTILE_BOOTSTRAP,site_key_private,99
UNCAPPED/A/2026/M1,A,2026,M1,Precision,0.7892735803268079,2000,0.7272984465264078,0.8351228706327811,0.95,NON_PARAMETRIC_CLASS_STRATIFIED_SITE_CLUSTER_PERCENTILE_BOOTSTRAP,site_key_private,99
UNCAPPED/A/2026/M1,A,2026,M1,FPR,0.33020661680821395,2000,0.3045010889031396,0.3573820280800666,0.95,NON_PARAMETRIC_CLASS_STRATIFIED_SITE_CLUSTER_PERCENTILE_BOOTSTRAP,site_key_private,99
UNCAPPED/A/2026/M1,A,2026,M1,Specificity,0.669793383191786,2000,0.6426179719199335,0.6954989110968605,0.95,NON_PARAMETRIC_CLASS_STRATIFIED_SITE_CLUSTER_PERCENTILE_BOOTSTRAP,site_key_private,99
UNCAPPED/A/2026/M1,A,2026,M1,Balanced Accuracy,0.7893447586662237,2000,0.7685458519645266,0.8076993771568282,0.95,NON_PARAMETRIC_CLASS_STRATIFIED_SITE_CLUSTER_PERCENTILE_BOOTSTRAP,site_key_private,99
UNCAPPED/A/2026/M1,A,2026,M1,ROC-AUC,0.8928694320232584,2000,0.8714924964191781,0.9140070508014307,0.95,NON_PARAMETRIC_CLASS_STRATIFIED_SITE_CLUSTER_PERCENTILE_BOOTSTRAP,site_key_private,99
UNCAPPED/A/2026/M2,A,2026,M2,MCC,0.9030554020326335,2000,0.8890225389302271,0.9140995544302741,0.95,NON_PARAMETRIC_CLASS_STRATIFIED_SITE_CLUSTER_PERCENTILE_BOOTSTRAP,site_key_private,99
UNCAPPED/A/2026/M2,A,2026,M2,PR-AUC,0.9927946984926963,2000,0.9883368089896629,0.9954891121019519,0.95,NON_PARAMETRIC_CLASS_STRATIFIED_SITE_CLUSTER_PERCENTILE_BOOTSTRAP,site_key_private,99
UNCAPPED/A/2026/M2,A,2026,M2,Macro F1,0.9514905043393911,2000,0.9444310011032029,0.957012435682816,0.95,NON_PARAMETRIC_CLASS_STRATIFIED_SITE_CLUSTER_PERCENTILE_BOOTSTRAP,site_key_private,99
UNCAPPED/A/2026/M2,A,2026,M2,Phishing Recall,0.9535165346995809,2000,0.9393508979976666,0.963700137669607,0.95,NON_PARAMETRIC_CLASS_STRATIFIED_SITE_CLUSTER_PERCENTILE_BOOTSTRAP,site_key_private,99
UNCAPPED/A/2026/M2,A,2026,M2,Precision,0.9637510592222954,2000,0.95048973812967,0.9734157625242362,0.95,NON_PARAMETRIC_CLASS_STRATIFIED_SITE_CLUSTER_PERCENTILE_BOOTSTRAP,site_key_private,99
UNCAPPED/A/2026/M2,A,2026,M2,FPR,0.048802129547471165,2000,0.042665421039126454,0.0559908726433599,0.95,NON_PARAMETRIC_CLASS_STRATIFIED_SITE_CLUSTER_PERCENTILE_BOOTSTRAP,site_key_private,99
UNCAPPED/A/2026/M2,A,2026,M2,Specificity,0.9511978704525288,2000,0.9440091273566401,0.9573345789608736,0.95,NON_PARAMETRIC_CLASS_STRATIFIED_SITE_CLUSTER_PERCENTILE_BOOTSTRAP,site_key_private,99
UNCAPPED/A/2026/M2,A,2026,M2,Balanced Accuracy,0.9523572025760548,2000,0.9446734651101532,0.958520844582823,0.95,NON_PARAMETRIC_CLASS_STRATIFIED_SITE_CLUSTER_PERCENTILE_BOOTSTRAP,site_key_private,99
UNCAPPED/A/2026/M2,A,2026,M2,ROC-AUC,0.9893570389763464,2000,0.9863409435600491,0.99165323637645,0.95,NON_PARAMETRIC_CLASS_STRATIFIED_SITE_CLUSTER_PERCENTILE_BOOTSTRAP,site_key_private,99
UNCAPPED/A/2026/M3,A,2026,M3,MCC,0.9768127117484725,2000,0.971915002436017,0.9807139905091733,0.95,NON_PARAMETRIC_CLASS_STRATIFIED_SITE_CLUSTER_PERCENTILE_BOOTSTRAP,site_key_private,99
UNCAPPED/A/2026/M3,A,2026,M3,PR-AUC,0.9993773093476845,2000,0.9987899142318183,0.9996750692657457,0.95,NON_PARAMETRIC_CLASS_STRATIFIED_SITE_CLUSTER_PERCENTILE_BOOTSTRAP,site_key_private,99
UNCAPPED/A/2026/M3,A,2026,M3,Macro F1,0.9884044907257281,2000,0.985954928473213,0.9903520311154762,0.95,NON_PARAMETRIC_CLASS_STRATIFIED_SITE_CLUSTER_PERCENTILE_BOOTSTRAP,site_key_private,99
UNCAPPED/A/2026/M3,A,2026,M3,Phishing Recall,0.9890079180251514,2000,0.9846091903709228,0.9922097276728854,0.95,NON_PARAMETRIC_CLASS_STRATIFIED_SITE_CLUSTER_PERCENTILE_BOOTSTRAP,site_key_private,99
UNCAPPED/A/2026/M3,A,2026,M3,Precision,0.9913165266106443,2000,0.9875617651595284,0.9940358051051652,0.95,NON_PARAMETRIC_CLASS_STRATIFIED_SITE_CLUSTER_PERCENTILE_BOOTSTRAP,site_key_private,99
UNCAPPED/A/2026/M3,A,2026,M3,FPR,0.011788566358220306,2000,0.009095881891432659,0.014478199643564166,0.95,NON_PARAMETRIC_CLASS_STRATIFIED_SITE_CLUSTER_PERCENTILE_BOOTSTRAP,site_key_private,99
UNCAPPED/A/2026/M3,A,2026,M3,Specificity,0.9882114336417797,2000,0.9855218003564358,0.9909041181085673,0.95,NON_PARAMETRIC_CLASS_STRATIFIED_SITE_CLUSTER_PERCENTILE_BOOTSTRAP,site_key_private,99
UNCAPPED/A/2026/M3,A,2026,M3,Balanced Accuracy,0.9886096758334655,2000,0.9860090475857743,0.9906355312940208,0.95,NON_PARAMETRIC_CLASS_STRATIFIED_SITE_CLUSTER_PERCENTILE_BOOTSTRAP,site_key_private,99
UNCAPPED/A/2026/M3,A,2026,M3,ROC-AUC,0.9991694023320663,2000,0.9987689574534757,0.9994594815054242,0.95,NON_PARAMETRIC_CLASS_STRATIFIED_SITE_CLUSTER_PERCENTILE_BOOTSTRAP,site_key_private,99
UNCAPPED/C/42/M1,C,42,M1,MCC,0.5056340942387074,2000,0.36717431313141846,0.6241597122586977,0.95,NON_PARAMETRIC_CLASS_STRATIFIED_SITE_CLUSTER_PERCENTILE_BOOTSTRAP,site_key_private,99
UNCAPPED/C/42/M1,C,42,M1,PR-AUC,0.9019344516229157,2000,0.8631651202675684,0.934868157543401,0.95,NON_PARAMETRIC_CLASS_STRATIFIED_SITE_CLUSTER_PERCENTILE_BOOTSTRAP,site_key_private,99
UNCAPPED/C/42/M1,C,42,M1,Macro F1,0.7525083051954211,2000,0.6821576247616827,0.8091826737781069,0.95,NON_PARAMETRIC_CLASS_STRATIFIED_SITE_CLUSTER_PERCENTILE_BOOTSTRAP,site_key_private,99
UNCAPPED/C/42/M1,C,42,M1,Phishing Recall,0.8097456442746669,2000,0.6994747273318657,0.8968493736779127,0.95,NON_PARAMETRIC_CLASS_STRATIFIED_SITE_CLUSTER_PERCENTILE_BOOTSTRAP,site_key_private,99
UNCAPPED/C/42/M1,C,42,M1,Precision,0.783043517434003,2000,0.7474265605240263,0.8195387920965621,0.95,NON_PARAMETRIC_CLASS_STRATIFIED_SITE_CLUSTER_PERCENTILE_BOOTSTRAP,site_key_private,99
UNCAPPED/C/42/M1,C,42,M1,FPR,0.3077316293929713,2000,0.24722016195735655,0.36960907443832935,0.95,NON_PARAMETRIC_CLASS_STRATIFIED_SITE_CLUSTER_PERCENTILE_BOOTSTRAP,site_key_private,99
UNCAPPED/C/42/M1,C,42,M1,Specificity,0.6922683706070287,2000,0.6303909255616705,0.7527798380426434,0.95,NON_PARAMETRIC_CLASS_STRATIFIED_SITE_CLUSTER_PERCENTILE_BOOTSTRAP,site_key_private,99
UNCAPPED/C/42/M1,C,42,M1,Balanced Accuracy,0.7510070074408478,2000,0.6863085303875122,0.8064830886451613,0.95,NON_PARAMETRIC_CLASS_STRATIFIED_SITE_CLUSTER_PERCENTILE_BOOTSTRAP,site_key_private,99
UNCAPPED/C/42/M1,C,42,M1,ROC-AUC,0.8408788993605759,2000,0.7472953161086016,0.9064647072479123,0.95,NON_PARAMETRIC_CLASS_STRATIFIED_SITE_CLUSTER_PERCENTILE_BOOTSTRAP,site_key_private,99
UNCAPPED/C/42/M2,C,42,M2,MCC,0.7056783915249681,2000,0.597778755388815,0.7990327790769748,0.95,NON_PARAMETRIC_CLASS_STRATIFIED_SITE_CLUSTER_PERCENTILE_BOOTSTRAP,site_key_private,99
UNCAPPED/C/42/M2,C,42,M2,PR-AUC,0.939462877062331,2000,0.9043233530227903,0.9684765132673413,0.95,NON_PARAMETRIC_CLASS_STRATIFIED_SITE_CLUSTER_PERCENTILE_BOOTSTRAP,site_key_private,99
UNCAPPED/C/42/M2,C,42,M2,Macro F1,0.8478146950682592,2000,0.7822753791259206,0.8985453324087147,0.95,NON_PARAMETRIC_CLASS_STRATIFIED_SITE_CLUSTER_PERCENTILE_BOOTSTRAP,site_key_private,99
UNCAPPED/C/42/M2,C,42,M2,Phishing Recall,0.8033168731948197,2000,0.7053102262391386,0.8850633377992102,0.95,NON_PARAMETRIC_CLASS_STRATIFIED_SITE_CLUSTER_PERCENTILE_BOOTSTRAP,site_key_private,99
UNCAPPED/C/42/M2,C,42,M2,Precision,0.9254051733390576,2000,0.9027160241257638,0.9464577575077936,0.95,NON_PARAMETRIC_CLASS_STRATIFIED_SITE_CLUSTER_PERCENTILE_BOOTSTRAP,site_key_private,99
UNCAPPED/C/42/M2,C,42,M2,FPR,0.08881789137380192,2000,0.06322568473311829,0.11843296482289802,0.95,NON_PARAMETRIC_CLASS_STRATIFIED_SITE_CLUSTER_PERCENTILE_BOOTSTRAP,site_key_private,99
UNCAPPED/C/42/M2,C,42,M2,Specificity,0.9111821086261981,2000,0.881567035177102,0.9367743152668817,0.95,NON_PARAMETRIC_CLASS_STRATIFIED_SITE_CLUSTER_PERCENTILE_BOOTSTRAP,site_key_private,99
UNCAPPED/C/42/M2,C,42,M2,Balanced Accuracy,0.8572494909105088,2000,0.804699075958441,0.9013003504843474,0.95,NON_PARAMETRIC_CLASS_STRATIFIED_SITE_CLUSTER_PERCENTILE_BOOTSTRAP,site_key_private,99
UNCAPPED/C/42/M2,C,42,M2,ROC-AUC,0.9018030325986945,2000,0.822086752556808,0.9566699559434608,0.95,NON_PARAMETRIC_CLASS_STRATIFIED_SITE_CLUSTER_PERCENTILE_BOOTSTRAP,site_key_private,99
UNCAPPED/C/42/M3,C,42,M3,MCC,0.8252941465082957,2000,0.7274928583064275,0.8931984704752927,0.95,NON_PARAMETRIC_CLASS_STRATIFIED_SITE_CLUSTER_PERCENTILE_BOOTSTRAP,site_key_private,99
UNCAPPED/C/42/M3,C,42,M3,PR-AUC,0.9837919079786759,2000,0.9740964862924401,0.9912197087177288,0.95,NON_PARAMETRIC_CLASS_STRATIFIED_SITE_CLUSTER_PERCENTILE_BOOTSTRAP,site_key_private,99
UNCAPPED/C/42/M3,C,42,M3,Macro F1,0.9121902828715656,2000,0.8588606630977659,0.9465757270789622,0.95,NON_PARAMETRIC_CLASS_STRATIFIED_SITE_CLUSTER_PERCENTILE_BOOTSTRAP,site_key_private,99
UNCAPPED/C/42/M3,C,42,M3,Phishing Recall,0.9064567222584552,2000,0.8247309545585615,0.9571723169485512,0.95,NON_PARAMETRIC_CLASS_STRATIFIED_SITE_CLUSTER_PERCENTILE_BOOTSTRAP,site_key_private,99
UNCAPPED/C/42/M3,C,42,M3,Precision,0.9422760290556901,2000,0.922916026288781,0.9596959989779266,0.95,NON_PARAMETRIC_CLASS_STRATIFIED_SITE_CLUSTER_PERCENTILE_BOOTSTRAP,site_key_private,99
UNCAPPED/C/42/M3,C,42,M3,FPR,0.07616613418530352,2000,0.05312847833990547,0.10069853585437151,0.95,NON_PARAMETRIC_CLASS_STRATIFIED_SITE_CLUSTER_PERCENTILE_BOOTSTRAP,site_key_private,99
UNCAPPED/C/42/M3,C,42,M3,Specificity,0.9238338658146965,2000,0.8993014641456284,0.9468715216600945,0.95,NON_PARAMETRIC_CLASS_STRATIFIED_SITE_CLUSTER_PERCENTILE_BOOTSTRAP,site_key_private,99
UNCAPPED/C/42/M3,C,42,M3,Balanced Accuracy,0.9151452940365759,2000,0.871717601534632,0.9467939477422018,0.95,NON_PARAMETRIC_CLASS_STRATIFIED_SITE_CLUSTER_PERCENTILE_BOOTSTRAP,site_key_private,99
UNCAPPED/C/42/M3,C,42,M3,ROC-AUC,0.9770977746515852,2000,0.9607712419174181,0.9881596890632386,0.95,NON_PARAMETRIC_CLASS_STRATIFIED_SITE_CLUSTER_PERCENTILE_BOOTSTRAP,site_key_private,99
UNCAPPED/C/123/M1,C,123,M1,MCC,0.5482140168242333,2000,0.40752495845563835,0.6445108849128374,0.95,NON_PARAMETRIC_CLASS_STRATIFIED_SITE_CLUSTER_PERCENTILE_BOOTSTRAP,site_key_private,99
UNCAPPED/C/123/M1,C,123,M1,PR-AUC,0.892254136882351,2000,0.7977558650903003,0.9448724569457962,0.95,NON_PARAMETRIC_CLASS_STRATIFIED_SITE_CLUSTER_PERCENTILE_BOOTSTRAP,site_key_private,99
UNCAPPED/C/123/M1,C,123,M1,Macro F1,0.7739022451675575,2000,0.7009163029303791,0.8204187499753954,0.95,NON_PARAMETRIC_CLASS_STRATIFIED_SITE_CLUSTER_PERCENTILE_BOOTSTRAP,site_key_private,99
UNCAPPED/C/123/M1,C,123,M1,Phishing Recall,0.7880723128315975,2000,0.6439393962416443,0.872381100453569,0.95,NON_PARAMETRIC_CLASS_STRATIFIED_SITE_CLUSTER_PERCENTILE_BOOTSTRAP,site_key_private,99
UNCAPPED/C/123/M1,C,123,M1,Precision,0.8111852750809061,2000,0.6687408433771789,0.9051654185781554,0.95,NON_PARAMETRIC_CLASS_STRATIFIED_SITE_CLUSTER_PERCENTILE_BOOTSTRAP,site_key_private,99
UNCAPPED/C/123/M1,C,123,M1,FPR,0.2378343949044586,2000,0.18705590581475603,0.28993580780587436,0.95,NON_PARAMETRIC_CLASS_STRATIFIED_SITE_CLUSTER_PERCENTILE_BOOTSTRAP,site_key_private,99
UNCAPPED/C/123/M1,C,123,M1,Specificity,0.7621656050955414,2000,0.7100641921941256,0.8129440941852439,0.95,NON_PARAMETRIC_CLASS_STRATIFIED_SITE_CLUSTER_PERCENTILE_BOOTSTRAP,site_key_private,99
UNCAPPED/C/123/M1,C,123,M1,Balanced Accuracy,0.7751189589635694,2000,0.7032968432147939,0.8263215314968089,0.95,NON_PARAMETRIC_CLASS_STRATIFIED_SITE_CLUSTER_PERCENTILE_BOOTSTRAP,site_key_private,99
UNCAPPED/C/123/M1,C,123,M1,ROC-AUC,0.8443982337325541,2000,0.7155114694791127,0.9128884357088913,0.95,NON_PARAMETRIC_CLASS_STRATIFIED_SITE_CLUSTER_PERCENTILE_BOOTSTRAP,site_key_private,99
UNCAPPED/C/123/M2,C,123,M2,MCC,0.7800841476358742,2000,0.6019784047831361,0.8775773568270121,0.95,NON_PARAMETRIC_CLASS_STRATIFIED_SITE_CLUSTER_PERCENTILE_BOOTSTRAP,site_key_private,99
UNCAPPED/C/123/M2,C,123,M2,PR-AUC,0.9557010390241578,2000,0.8562813446870807,0.9873634304361867,0.95,NON_PARAMETRIC_CLASS_STRATIFIED_SITE_CLUSTER_PERCENTILE_BOOTSTRAP,site_key_private,99
UNCAPPED/C/123/M2,C,123,M2,Macro F1,0.8892816044479748,2000,0.7901035306550663,0.9387092220433655,0.95,NON_PARAMETRIC_CLASS_STRATIFIED_SITE_CLUSTER_PERCENTILE_BOOTSTRAP,site_key_private,99
UNCAPPED/C/123/M2,C,123,M2,Phishing Recall,0.8772843387698959,2000,0.6732571283452317,0.9623756698611082,0.95,NON_PARAMETRIC_CLASS_STRATIFIED_SITE_CLUSTER_PERCENTILE_BOOTSTRAP,site_key_private,99
UNCAPPED/C/123/M2,C,123,M2,Precision,0.9247100248550124,2000,0.8390518081998499,0.9653038463846592,0.95,NON_PARAMETRIC_CLASS_STRATIFIED_SITE_CLUSTER_PERCENTILE_BOOTSTRAP,site_key_private,99
UNCAPPED/C/123/M2,C,123,M2,FPR,0.09261146496815287,2000,0.06773575580589891,0.12063517469211077,0.95,NON_PARAMETRIC_CLASS_STRATIFIED_SITE_CLUSTER_PERCENTILE_BOOTSTRAP,site_key_private,99
UNCAPPED/C/123/M2,C,123,M2,Specificity,0.9073885350318471,2000,0.8793648253078892,0.932264244194101,0.95,NON_PARAMETRIC_CLASS_STRATIFIED_SITE_CLUSTER_PERCENTILE_BOOTSTRAP,site_key_private,99
UNCAPPED/C/123/M2,C,123,M2,Balanced Accuracy,0.8923364369008715,2000,0.7913131483245612,0.9374603445615154,0.95,NON_PARAMETRIC_CLASS_STRATIFIED_SITE_CLUSTER_PERCENTILE_BOOTSTRAP,site_key_private,99
UNCAPPED/C/123/M2,C,123,M2,ROC-AUC,0.9336158793851608,2000,0.8202855592524653,0.979384614807426,0.95,NON_PARAMETRIC_CLASS_STRATIFIED_SITE_CLUSTER_PERCENTILE_BOOTSTRAP,site_key_private,99
UNCAPPED/C/123/M3,C,123,M3,MCC,0.8394232957251493,2000,0.7169824001415531,0.9052810793058256,0.95,NON_PARAMETRIC_CLASS_STRATIFIED_SITE_CLUSTER_PERCENTILE_BOOTSTRAP,site_key_private,99
UNCAPPED/C/123/M3,C,123,M3,PR-AUC,0.9811965898008344,2000,0.9500386210531013,0.9923615340775249,0.95,NON_PARAMETRIC_CLASS_STRATIFIED_SITE_CLUSTER_PERCENTILE_BOOTSTRAP,site_key_private,99
UNCAPPED/C/123/M3,C,123,M3,Macro F1,0.9196947320368519,2000,0.8561196812777104,0.9522706472395249,0.95,NON_PARAMETRIC_CLASS_STRATIFIED_SITE_CLUSTER_PERCENTILE_BOOTSTRAP,site_key_private,99
UNCAPPED/C/123/M3,C,123,M3,Phishing Recall,0.9338769895853802,2000,0.8049311031777103,0.9798927980129055,0.95,NON_PARAMETRIC_CLASS_STRATIFIED_SITE_CLUSTER_PERCENTILE_BOOTSTRAP,site_key_private,99
UNCAPPED/C/123/M3,C,123,M3,Precision,0.9269553345036083,2000,0.8485700313395643,0.9663989237030807,0.95,NON_PARAMETRIC_CLASS_STRATIFIED_SITE_CLUSTER_PERCENTILE_BOOTSTRAP,site_key_private,99
UNCAPPED/C/123/M3,C,123,M3,FPR,0.0954140127388535,2000,0.06993372081120605,0.12357845266503635,0.95,NON_PARAMETRIC_CLASS_STRATIFIED_SITE_CLUSTER_PERCENTILE_BOOTSTRAP,site_key_private,99
UNCAPPED/C/123/M3,C,123,M3,Specificity,0.9045859872611465,2000,0.8764215473349636,0.930066279188794,0.95,NON_PARAMETRIC_CLASS_STRATIFIED_SITE_CLUSTER_PERCENTILE_BOOTSTRAP,site_key_private,99
UNCAPPED/C/123/M3,C,123,M3,Balanced Accuracy,0.9192314884232633,2000,0.8578627583047393,0.9496570128949993,0.95,NON_PARAMETRIC_CLASS_STRATIFIED_SITE_CLUSTER_PERCENTILE_BOOTSTRAP,site_key_private,99
UNCAPPED/C/123/M3,C,123,M3,ROC-AUC,0.9773517628255272,2000,0.9562999785093217,0.9886302119774277,0.95,NON_PARAMETRIC_CLASS_STRATIFIED_SITE_CLUSTER_PERCENTILE_BOOTSTRAP,site_key_private,99
UNCAPPED/C/456/M1,C,456,M1,MCC,0.6054253829972591,2000,0.5431760758952034,0.6662828008049715,0.95,NON_PARAMETRIC_CLASS_STRATIFIED_SITE_CLUSTER_PERCENTILE_BOOTSTRAP,site_key_private,99
UNCAPPED/C/456/M1,C,456,M1,PR-AUC,0.899107055065945,2000,0.8700425303871512,0.9245521745329024,0.95,NON_PARAMETRIC_CLASS_STRATIFIED_SITE_CLUSTER_PERCENTILE_BOOTSTRAP,site_key_private,99
UNCAPPED/C/456/M1,C,456,M1,Macro F1,0.7920230295057954,2000,0.7535051270647513,0.8268830429572193,0.95,NON_PARAMETRIC_CLASS_STRATIFIED_SITE_CLUSTER_PERCENTILE_BOOTSTRAP,site_key_private,99
UNCAPPED/C/456/M1,C,456,M1,Phishing Recall,0.9028169014084507,2000,0.8818301252769786,0.9189000298495463,0.95,NON_PARAMETRIC_CLASS_STRATIFIED_SITE_CLUSTER_PERCENTILE_BOOTSTRAP,site_key_private,99
UNCAPPED/C/456/M1,C,456,M1,Precision,0.7265926093856269,2000,0.6701928776006422,0.7803183004667121,0.95,NON_PARAMETRIC_CLASS_STRATIFIED_SITE_CLUSTER_PERCENTILE_BOOTSTRAP,site_key_private,99
UNCAPPED/C/456/M1,C,456,M1,FPR,0.3062857142857143,2000,0.24278889139760668,0.37150543209127335,0.95,NON_PARAMETRIC_CLASS_STRATIFIED_SITE_CLUSTER_PERCENTILE_BOOTSTRAP,site_key_private,99
UNCAPPED/C/456/M1,C,456,M1,Specificity,0.6937142857142857,2000,0.6284945679087266,0.7572111086023933,0.95,NON_PARAMETRIC_CLASS_STRATIFIED_SITE_CLUSTER_PERCENTILE_BOOTSTRAP,site_key_private,99
UNCAPPED/C/456/M1,C,456,M1,Balanced Accuracy,0.7982655935613683,2000,0.7643558732178453,0.8307914614970071,0.95,NON_PARAMETRIC_CLASS_STRATIFIED_SITE_CLUSTER_PERCENTILE_BOOTSTRAP,site_key_private,99
UNCAPPED/C/456/M1,C,456,M1,ROC-AUC,0.8985163156718087,2000,0.8713552428157217,0.9209806585155345,0.95,NON_PARAMETRIC_CLASS_STRATIFIED_SITE_CLUSTER_PERCENTILE_BOOTSTRAP,site_key_private,99
UNCAPPED/C/456/M2,C,456,M2,MCC,0.7020391037945702,2000,0.6010719805602572,0.7905189946328149,0.95,NON_PARAMETRIC_CLASS_STRATIFIED_SITE_CLUSTER_PERCENTILE_BOOTSTRAP,site_key_private,99
UNCAPPED/C/456/M2,C,456,M2,PR-AUC,0.934766642219702,2000,0.899981303852932,0.96301189529324,0.95,NON_PARAMETRIC_CLASS_STRATIFIED_SITE_CLUSTER_PERCENTILE_BOOTSTRAP,site_key_private,99
UNCAPPED/C/456/M2,C,456,M2,Macro F1,0.8509886247306517,2000,0.7980081397586601,0.8946812195665105,0.95,NON_PARAMETRIC_CLASS_STRATIFIED_SITE_CLUSTER_PERCENTILE_BOOTSTRAP,site_key_private,99
UNCAPPED/C/456/M2,C,456,M2,Phishing Recall,0.8370422535211267,2000,0.7393663933843214,0.9141712954841409,0.95,NON_PARAMETRIC_CLASS_STRATIFIED_SITE_CLUSTER_PERCENTILE_BOOTSTRAP,site_key_private,99
UNCAPPED/C/456/M2,C,456,M2,Precision,0.8477888730385164,2000,0.8065876693393472,0.8852552269414374,0.95,NON_PARAMETRIC_CLASS_STRATIFIED_SITE_CLUSTER_PERCENTILE_BOOTSTRAP,site_key_private,99
UNCAPPED/C/456/M2,C,456,M2,FPR,0.1354920634920635,2000,0.09942221921881336,0.176398233583456,0.95,NON_PARAMETRIC_CLASS_STRATIFIED_SITE_CLUSTER_PERCENTILE_BOOTSTRAP,site_key_private,99
UNCAPPED/C/456/M2,C,456,M2,Specificity,0.8645079365079366,2000,0.8236017664165439,0.9005777807811867,0.95,NON_PARAMETRIC_CLASS_STRATIFIED_SITE_CLUSTER_PERCENTILE_BOOTSTRAP,site_key_private,99
UNCAPPED/C/456/M2,C,456,M2,Balanced Accuracy,0.8507750950145316,2000,0.7988279081011576,0.8962742851643053,0.95,NON_PARAMETRIC_CLASS_STRATIFIED_SITE_CLUSTER_PERCENTILE_BOOTSTRAP,site_key_private,99
UNCAPPED/C/456/M2,C,456,M2,ROC-AUC,0.9424928772635814,2000,0.9166954473726583,0.9639748275840179,0.95,NON_PARAMETRIC_CLASS_STRATIFIED_SITE_CLUSTER_PERCENTILE_BOOTSTRAP,site_key_private,99
UNCAPPED/C/456/M3,C,456,M3,MCC,0.8656947554449653,2000,0.8329708402437115,0.8953736460978948,0.95,NON_PARAMETRIC_CLASS_STRATIFIED_SITE_CLUSTER_PERCENTILE_BOOTSTRAP,site_key_private,99
UNCAPPED/C/456/M3,C,456,M3,PR-AUC,0.9785088033660152,2000,0.9673766053669709,0.9874024885030409,0.95,NON_PARAMETRIC_CLASS_STRATIFIED_SITE_CLUSTER_PERCENTILE_BOOTSTRAP,site_key_private,99
UNCAPPED/C/456/M3,C,456,M3,Macro F1,0.9320521954889599,2000,0.9146867110825704,0.9475053434257528,0.95,NON_PARAMETRIC_CLASS_STRATIFIED_SITE_CLUSTER_PERCENTILE_BOOTSTRAP,site_key_private,99
UNCAPPED/C/456/M3,C,456,M3,Phishing Recall,0.9591549295774648,2000,0.9496392177144389,0.9681250842739068,0.95,NON_PARAMETRIC_CLASS_STRATIFIED_SITE_CLUSTER_PERCENTILE_BOOTSTRAP,site_key_private,99
UNCAPPED/C/456/M3,C,456,M3,Precision,0.9035425235504843,2000,0.8703011264480202,0.93271761293797,0.95,NON_PARAMETRIC_CLASS_STRATIFIED_SITE_CLUSTER_PERCENTILE_BOOTSTRAP,site_key_private,99
UNCAPPED/C/456/M3,C,456,M3,FPR,0.09231746031746031,2000,0.06371333284843214,0.12426480496839852,0.95,NON_PARAMETRIC_CLASS_STRATIFIED_SITE_CLUSTER_PERCENTILE_BOOTSTRAP,site_key_private,99
UNCAPPED/C/456/M3,C,456,M3,Specificity,0.9076825396825396,2000,0.8757351950316015,0.9362866671515679,0.95,NON_PARAMETRIC_CLASS_STRATIFIED_SITE_CLUSTER_PERCENTILE_BOOTSTRAP,site_key_private,99
UNCAPPED/C/456/M3,C,456,M3,Balanced Accuracy,0.9334187346300022,2000,0.9168172862734303,0.948427070650642,0.95,NON_PARAMETRIC_CLASS_STRATIFIED_SITE_CLUSTER_PERCENTILE_BOOTSTRAP,site_key_private,99
UNCAPPED/C/456/M3,C,456,M3,ROC-AUC,0.980675752291527,2000,0.9699926452249839,0.9883992146415089,0.95,NON_PARAMETRIC_CLASS_STRATIFIED_SITE_CLUSTER_PERCENTILE_BOOTSTRAP,site_key_private,99
UNCAPPED/C/789/M1,C,789,M1,MCC,0.6399716516527564,2000,0.5023331376402604,0.7278015136479379,0.95,NON_PARAMETRIC_CLASS_STRATIFIED_SITE_CLUSTER_PERCENTILE_BOOTSTRAP,site_key_private,99
UNCAPPED/C/789/M1,C,789,M1,PR-AUC,0.924881264043468,2000,0.8452391608359756,0.9701754569809753,0.95,NON_PARAMETRIC_CLASS_STRATIFIED_SITE_CLUSTER_PERCENTILE_BOOTSTRAP,site_key_private,99
UNCAPPED/C/789/M1,C,789,M1,Macro F1,0.8138063980047401,2000,0.715989396470726,0.8546622325778499,0.95,NON_PARAMETRIC_CLASS_STRATIFIED_SITE_CLUSTER_PERCENTILE_BOOTSTRAP,site_key_private,99
UNCAPPED/C/789/M1,C,789,M1,Phishing Recall,0.9195081050866406,2000,0.8744656970983871,0.9735591783723244,0.95,NON_PARAMETRIC_CLASS_STRATIFIED_SITE_CLUSTER_PERCENTILE_BOOTSTRAP,site_key_private,99
UNCAPPED/C/789/M1,C,789,M1,Precision,0.8049914362613164,2000,0.514564240822518,0.8970771369682932,0.95,NON_PARAMETRIC_CLASS_STRATIFIED_SITE_CLUSTER_PERCENTILE_BOOTSTRAP,site_key_private,99
UNCAPPED/C/789/M1,C,789,M1,FPR,0.3059892500639877,2000,0.24995290115463523,0.36615027513258397,0.95,NON_PARAMETRIC_CLASS_STRATIFIED_SITE_CLUSTER_PERCENTILE_BOOTSTRAP,site_key_private,99
UNCAPPED/C/789/M1,C,789,M1,Specificity,0.6940107499360123,2000,0.633849724867416,0.7500470988453647,0.95,NON_PARAMETRIC_CLASS_STRATIFIED_SITE_CLUSTER_PERCENTILE_BOOTSTRAP,site_key_private,99
UNCAPPED/C/789/M1,C,789,M1,Balanced Accuracy,0.8067594275113265,2000,0.7657109236992802,0.8467848737049023,0.95,NON_PARAMETRIC_CLASS_STRATIFIED_SITE_CLUSTER_PERCENTILE_BOOTSTRAP,site_key_private,99
UNCAPPED/C/789/M1,C,789,M1,ROC-AUC,0.9062921920109281,2000,0.8611691510763945,0.9549189435048332,0.95,NON_PARAMETRIC_CLASS_STRATIFIED_SITE_CLUSTER_PERCENTILE_BOOTSTRAP,site_key_private,99
UNCAPPED/C/789/M2,C,789,M2,MCC,0.8557415650678833,2000,0.7160843715274792,0.8961272034407225,0.95,NON_PARAMETRIC_CLASS_STRATIFIED_SITE_CLUSTER_PERCENTILE_BOOTSTRAP,site_key_private,99
UNCAPPED/C/789/M2,C,789,M2,PR-AUC,0.973512203989813,2000,0.9100455383170708,0.9885071227048585,0.95,NON_PARAMETRIC_CLASS_STRATIFIED_SITE_CLUSTER_PERCENTILE_BOOTSTRAP,site_key_private,99
UNCAPPED/C/789/M2,C,789,M2,Macro F1,0.9276806642090156,2000,0.8575450967288228,0.9479435005984469,0.95,NON_PARAMETRIC_CLASS_STRATIFIED_SITE_CLUSTER_PERCENTILE_BOOTSTRAP,site_key_private,99
UNCAPPED/C/789/M2,C,789,M2,Phishing Recall,0.951369480156512,2000,0.8348339140657467,0.9774875072219533,0.95,NON_PARAMETRIC_CLASS_STRATIFIED_SITE_CLUSTER_PERCENTILE_BOOTSTRAP,site_key_private,99
UNCAPPED/C/789/M2,C,789,M2,Precision,0.9290393013100436,2000,0.7520837516486657,0.967891737588571,0.95,NON_PARAMETRIC_CLASS_STRATIFIED_SITE_CLUSTER_PERCENTILE_BOOTSTRAP,site_key_private,99
UNCAPPED/C/789/M2,C,789,M2,FPR,0.09982083439979524,2000,0.07390363520499164,0.12893568921656087,0.95,NON_PARAMETRIC_CLASS_STRATIFIED_SITE_CLUSTER_PERCENTILE_BOOTSTRAP,site_key_private,99
UNCAPPED/C/789/M2,C,789,M2,Specificity,0.9001791656002047,2000,0.8710643107834392,0.9260963647950082,0.95,NON_PARAMETRIC_CLASS_STRATIFIED_SITE_CLUSTER_PERCENTILE_BOOTSTRAP,site_key_private,99
UNCAPPED/C/789/M2,C,789,M2,Balanced Accuracy,0.9257743228783584,2000,0.8666336304879504,0.945472908218126,0.95,NON_PARAMETRIC_CLASS_STRATIFIED_SITE_CLUSTER_PERCENTILE_BOOTSTRAP,site_key_private,99
UNCAPPED/C/789/M2,C,789,M2,ROC-AUC,0.9686287681991813,2000,0.9468731994310978,0.9780744837349752,0.95,NON_PARAMETRIC_CLASS_STRATIFIED_SITE_CLUSTER_PERCENTILE_BOOTSTRAP,site_key_private,99
UNCAPPED/C/789/M3,C,789,M3,MCC,0.9027884442107775,2000,0.8132511148325703,0.9294647571118592,0.95,NON_PARAMETRIC_CLASS_STRATIFIED_SITE_CLUSTER_PERCENTILE_BOOTSTRAP,site_key_private,99
UNCAPPED/C/789/M3,C,789,M3,PR-AUC,0.989464859636749,2000,0.9639209969220605,0.9966748076867085,0.95,NON_PARAMETRIC_CLASS_STRATIFIED_SITE_CLUSTER_PERCENTILE_BOOTSTRAP,site_key_private,99
UNCAPPED/C/789/M3,C,789,M3,Macro F1,0.949953589417653,2000,0.9002627856681068,0.9641220232726745,0.95,NON_PARAMETRIC_CLASS_STRATIFIED_SITE_CLUSTER_PERCENTILE_BOOTSTRAP,site_key_private,99
UNCAPPED/C/789/M3,C,789,M3,Phishing Recall,0.9907769703745108,2000,0.9747242839456376,0.9949750265693298,0.95,NON_PARAMETRIC_CLASS_STRATIFIED_SITE_CLUSTER_PERCENTILE_BOOTSTRAP,site_key_private,99
UNCAPPED/C/789/M3,C,789,M3,Precision,0.9305276052148045,2000,0.774257792375277,0.9687900785820098,0.95,NON_PARAMETRIC_CLASS_STRATIFIED_SITE_CLUSTER_PERCENTILE_BOOTSTRAP,site_key_private,99
UNCAPPED/C/789/M3,C,789,M3,FPR,0.10161249040184285,2000,0.07497225801579588,0.1316418122580677,0.95,NON_PARAMETRIC_CLASS_STRATIFIED_SITE_CLUSTER_PERCENTILE_BOOTSTRAP,site_key_private,99
UNCAPPED/C/789/M3,C,789,M3,Specificity,0.8983875095981572,2000,0.8683581877419322,0.9250277419842041,0.95,NON_PARAMETRIC_CLASS_STRATIFIED_SITE_CLUSTER_PERCENTILE_BOOTSTRAP,site_key_private,99
UNCAPPED/C/789/M3,C,789,M3,Balanced Accuracy,0.944582239986334,2000,0.9271015012399924,0.9576189396696342,0.95,NON_PARAMETRIC_CLASS_STRATIFIED_SITE_CLUSTER_PERCENTILE_BOOTSTRAP,site_key_private,99
UNCAPPED/C/789/M3,C,789,M3,ROC-AUC,0.9886267351853837,2000,0.9784402878464395,0.9954394373178441,0.95,NON_PARAMETRIC_CLASS_STRATIFIED_SITE_CLUSTER_PERCENTILE_BOOTSTRAP,site_key_private,99
UNCAPPED/C/1234/M1,C,1234,M1,MCC,0.6251349086000986,2000,0.5124884569344712,0.706948250007169,0.95,NON_PARAMETRIC_CLASS_STRATIFIED_SITE_CLUSTER_PERCENTILE_BOOTSTRAP,site_key_private,99
UNCAPPED/C/1234/M1,C,1234,M1,PR-AUC,0.940387369855816,2000,0.8836879739759608,0.9743559930903549,0.95,NON_PARAMETRIC_CLASS_STRATIFIED_SITE_CLUSTER_PERCENTILE_BOOTSTRAP,site_key_private,99
UNCAPPED/C/1234/M1,C,1234,M1,Macro F1,0.8062989301772332,2000,0.7438760437332346,0.8503192899501035,0.95,NON_PARAMETRIC_CLASS_STRATIFIED_SITE_CLUSTER_PERCENTILE_BOOTSTRAP,site_key_private,99
UNCAPPED/C/1234/M1,C,1234,M1,Phishing Recall,0.9110065666960698,2000,0.8471355906810116,0.9513895798103474,0.95,NON_PARAMETRIC_CLASS_STRATIFIED_SITE_CLUSTER_PERCENTILE_BOOTSTRAP,site_key_private,99
UNCAPPED/C/1234/M1,C,1234,M1,Precision,0.7928181508017741,2000,0.6744650167533509,0.8780527687616434,0.95,NON_PARAMETRIC_CLASS_STRATIFIED_SITE_CLUSTER_PERCENTILE_BOOTSTRAP,site_key_private,99
UNCAPPED/C/1234/M1,C,1234,M1,FPR,0.3092691622103387,2000,0.2452564028372547,0.37796373095784486,0.95,NON_PARAMETRIC_CLASS_STRATIFIED_SITE_CLUSTER_PERCENTILE_BOOTSTRAP,site_key_private,99
UNCAPPED/C/1234/M1,C,1234,M1,Specificity,0.6907308377896613,2000,0.622036269042155,0.7547435971627453,0.95,NON_PARAMETRIC_CLASS_STRATIFIED_SITE_CLUSTER_PERCENTILE_BOOTSTRAP,site_key_private,99
UNCAPPED/C/1234/M1,C,1234,M1,Balanced Accuracy,0.8008687022428655,2000,0.7516241250925779,0.83931998920823,0.95,NON_PARAMETRIC_CLASS_STRATIFIED_SITE_CLUSTER_PERCENTILE_BOOTSTRAP,site_key_private,99
UNCAPPED/C/1234/M1,C,1234,M1,ROC-AUC,0.9155335260546529,2000,0.8716064512235423,0.9454972467530575,0.95,NON_PARAMETRIC_CLASS_STRATIFIED_SITE_CLUSTER_PERCENTILE_BOOTSTRAP,site_key_private,99
UNCAPPED/C/1234/M2,C,1234,M2,MCC,0.8078378433180308,2000,0.7372144170830599,0.8509613029597695,0.95,NON_PARAMETRIC_CLASS_STRATIFIED_SITE_CLUSTER_PERCENTILE_BOOTSTRAP,site_key_private,99
UNCAPPED/C/1234/M2,C,1234,M2,PR-AUC,0.9709402711134852,2000,0.9454202793550336,0.9861664640443935,0.95,NON_PARAMETRIC_CLASS_STRATIFIED_SITE_CLUSTER_PERCENTILE_BOOTSTRAP,site_key_private,99
UNCAPPED/C/1234/M2,C,1234,M2,Macro F1,0.9036353197928344,2000,0.8675452574897257,0.9253136740637639,0.95,NON_PARAMETRIC_CLASS_STRATIFIED_SITE_CLUSTER_PERCENTILE_BOOTSTRAP,site_key_private,99
UNCAPPED/C/1234/M2,C,1234,M2,Phishing Recall,0.9003234342840342,2000,0.825892423282676,0.9396711943534628,0.95,NON_PARAMETRIC_CLASS_STRATIFIED_SITE_CLUSTER_PERCENTILE_BOOTSTRAP,site_key_private,99
UNCAPPED/C/1234/M2,C,1234,M2,Precision,0.9290988166278952,2000,0.8733932108689906,0.96354135072767,0.95,NON_PARAMETRIC_CLASS_STRATIFIED_SITE_CLUSTER_PERCENTILE_BOOTSTRAP,site_key_private,99
UNCAPPED/C/1234/M2,C,1234,M2,FPR,0.08925388337153042,2000,0.0649730497193568,0.11692767670683196,0.95,NON_PARAMETRIC_CLASS_STRATIFIED_SITE_CLUSTER_PERCENTILE_BOOTSTRAP,site_key_private,99
UNCAPPED/C/1234/M2,C,1234,M2,Specificity,0.9107461166284696,2000,0.8830723232931681,0.9350269502806432,0.95,NON_PARAMETRIC_CLASS_STRATIFIED_SITE_CLUSTER_PERCENTILE_BOOTSTRAP,site_key_private,99
UNCAPPED/C/1234/M2,C,1234,M2,Balanced Accuracy,0.9055347754562519,2000,0.8665379067725161,0.9292499944905658,0.95,NON_PARAMETRIC_CLASS_STRATIFIED_SITE_CLUSTER_PERCENTILE_BOOTSTRAP,site_key_private,99
UNCAPPED/C/1234/M2,C,1234,M2,ROC-AUC,0.9592467273901801,2000,0.9368964817908448,0.9730285947260111,0.95,NON_PARAMETRIC_CLASS_STRATIFIED_SITE_CLUSTER_PERCENTILE_BOOTSTRAP,site_key_private,99
UNCAPPED/C/1234/M3,C,1234,M3,MCC,0.8827129641013827,2000,0.8374539834725443,0.9152086766938137,0.95,NON_PARAMETRIC_CLASS_STRATIFIED_SITE_CLUSTER_PERCENTILE_BOOTSTRAP,site_key_private,99
UNCAPPED/C/1234/M3,C,1234,M3,PR-AUC,0.9903714782671812,2000,0.9753165205920766,0.9966942163031037,0.95,NON_PARAMETRIC_CLASS_STRATIFIED_SITE_CLUSTER_PERCENTILE_BOOTSTRAP,site_key_private,99
UNCAPPED/C/1234/M3,C,1234,M3,Macro F1,0.9406788262367158,2000,0.917069556475823,0.9573900595162238,0.95,NON_PARAMETRIC_CLASS_STRATIFIED_SITE_CLUSTER_PERCENTILE_BOOTSTRAP,site_key_private,99
UNCAPPED/C/1234/M3,C,1234,M3,Phishing Recall,0.971969028717044,2000,0.950081494426545,0.9850818619284363,0.95,NON_PARAMETRIC_CLASS_STRATIFIED_SITE_CLUSTER_PERCENTILE_BOOTSTRAP,site_key_private,99
UNCAPPED/C/1234/M3,C,1234,M3,Precision,0.9289059572873736,2000,0.8756676891281304,0.9615326740056277,0.95,NON_PARAMETRIC_CLASS_STRATIFIED_SITE_CLUSTER_PERCENTILE_BOOTSTRAP,site_key_private,99
UNCAPPED/C/1234/M3,C,1234,M3,FPR,0.09663865546218488,2000,0.0692710091985575,0.12650262043469174,0.95,NON_PARAMETRIC_CLASS_STRATIFIED_SITE_CLUSTER_PERCENTILE_BOOTSTRAP,site_key_private,99
UNCAPPED/C/1234/M3,C,1234,M3,Specificity,0.9033613445378151,2000,0.8734973795653083,0.9307289908014424,0.95,NON_PARAMETRIC_CLASS_STRATIFIED_SITE_CLUSTER_PERCENTILE_BOOTSTRAP,site_key_private,99
UNCAPPED/C/1234/M3,C,1234,M3,Balanced Accuracy,0.9376651866274296,2000,0.91857732025484,0.9534082309657351,0.95,NON_PARAMETRIC_CLASS_STRATIFIED_SITE_CLUSTER_PERCENTILE_BOOTSTRAP,site_key_private,99
UNCAPPED/C/1234/M3,C,1234,M3,ROC-AUC,0.9879987064725118,2000,0.9782807700932621,0.993623813627161,0.95,NON_PARAMETRIC_CLASS_STRATIFIED_SITE_CLUSTER_PERCENTILE_BOOTSTRAP,site_key_private,99
